threads,m,k,n,dens,partitions,outNNZ,elapsed_ms,speedup_vs_1,efficiency
1,1000,1000,1000,0.3,48,1000000,30855,1.0,1.0
2,1000,1000,1000,0.3,48,1000000,20433,1.5100572603141975,0.7550286301570988
4,1000,1000,1000,0.3,48,1000000,13809,2.2344123397784053,0.5586030849446013
8,1000,1000,1000,0.3,48,1000000,17849,1.728668272732366,0.21608353409154574
