size,ours_sec,mllib_sec,speedup_mllib_over_ours
2500,0.118742875,0.196115042,1.6515941861774863
5000,0.183581166,0.835301292,4.550038057825605
7500,0.297071083,1.387630292,4.671037914518257
10000,0.400311917,2.88026975,7.195063718275467
