threads,m,k,n,dens,partitions,outNNZ,elapsed_ms,speedup_vs_1,efficiency
1,10000,10000,10000,0.005,48,22022645,121270,1.0,1.0
2,10000,10000,10000,0.005,48,22022645,67540,1.7955285756588688,0.8977642878294344
4,10000,10000,10000,0.005,48,22022645,40184,3.017867808082819,0.7544669520207048
8,10000,10000,10000,0.005,48,22022645,35421,3.4236752209141468,0.42795940261426835
